('Alicia', 'Viklund', '19810617-3367', '0736613737', 'alicia.viklund@hotmail.com'),
('Joel', 'Ryding', '19760110-2994', '0775675847', 'joel.ryding@gmail.com'),
('Gustav', 'Vikström', '19620505-8428', '0700274693', 'gustav.vikström@hotmail.com'),
('Lovisa', 'Eriksson', '19651017-4032', '0737038270', 'lovisa.eriksson@outlook.com'),
('Maja', 'Rydén', '19640511-7396', '0784287911', 'maja.rydén@outlook.com'),
('Molly', 'Lindskog', '19770423-9667', '0772435591', 'molly.lindskog@hotmail.com'),
('Liam', 'Pettersson', '19680707-7737', '0788063718', 'liam.pettersson@outlook.com'),
('Sebastian', 'Lindqvist', '19690826-8843', '0708662903', 'sebastian.lindqvist@yahoo.com'),
('Wilmer', 'Persson', '19720125-8840', '0795923499', 'wilmer.persson@outlook.com'),
('Lucian', 'Lindqvist', '19840305-8965', '0714922019', 'lucian.lindqvist@gmail.com'),
('Ida', 'Persson', '19830916-2168', '0752743905', 'ida.persson@yahoo.com'),
('William', 'Jansson', '19650709-3587', '0762172867', 'william.jansson@gmail.com'),
('Levi', 'Jansson', '19930708-5781', '0773783662', 'levi.jansson@yahoo.com'),
('Noah', 'Eriksson', '19900926-6453', '0779665935', 'noah.eriksson@yahoo.com'),
('Nellie', 'Vikman', '19601104-9979', '0707231209', 'nellie.vikman@gmail.com'),
('Gustav', 'Gustafsson', '19900906-6866', '0714857734', 'gustav.gustafsson@hotmail.com'),
('Liam', 'Lenegren', '19770305-2644', '0792251129', 'liam.lenegren@yahoo.com'),
('Samuel', 'Nilsson', '19850601-4811', '0713072745', 'samuel.nilsson@yahoo.com'),
('Albin', 'Lindqvist', '19830801-9846', '0758491521', 'albin.lindqvist@yahoo.com'),
('Viktor', 'Danielsson', '19610908-3156', '0752259547', 'viktor.danielsson@hotmail.com'),
('Björn', 'Vik', '19741224-7370', '0783853045', 'björn.vik@gmail.com'),
('Sebastian', 'Viklund', '19690817-7705', '0781042242', 'sebastian.viklund@outlook.com'),
('Milo', 'Andersson', '19890621-8229', '0758678935', 'milo.andersson@yahoo.com'),
('Tilda', 'Viklund', '19610411-9917', '0747007069', 'tilda.viklund@yahoo.com'),
('Ville', 'Andersson', '19721121-9720', '0728796621', 'ville.andersson@outlook.com'),
('Noah', 'Jonsson', '19600116-8355', '0744221614', 'noah.jonsson@yahoo.com'),
('Ville', 'Jansson', '19780307-1266', '0748992742', 'ville.jansson@hotmail.com'),
('Tilda', 'Viklund', '19700314-3470', '0717344842', 'tilda.viklund@yahoo.com'),
('Levi', 'Persson', '19840228-8800', '0704343564', 'levi.persson@hotmail.com'),
('Linus', 'Rydén', '19980629-5968', '0768677181', 'linus.rydén@outlook.com'),
('Isabella', 'Lindgren', '19820726-2024', '0763416749', 'isabella.lindgren@outlook.com'),
('William', 'Jansson', '19921229-4058', '0733622791', 'william.jansson@gmail.com'),
('Jesper', 'Persson', '19931110-3675', '0795712265', 'jesper.persson@yahoo.com'),
('Lucas', 'Olsson', '19720301-7218', '0767163470', 'lucas.olsson@yahoo.com'),
('Nellie', 'Ternström', '19871205-1700', '0777316405', 'nellie.ternström@yahoo.com'),
('Isak', 'Lindqvist', '19890925-9716', '0772840497', 'isak.lindqvist@hotmail.com'),
('Alice', 'Bengtsson', '19960730-6006', '0762550840', 'alice.bengtsson@gmail.com'),
('Ville', 'Vikström', '19620424-9553', '0772041026', 'ville.vikström@gmail.com'),
('Maja', 'Nilsson', '19690503-8497', '0767499994', 'maja.nilsson@gmail.com'),
('Filip', 'Vikman', '19980922-2972', '0754239371', 'filip.vikman@hotmail.com'),
('Jonathan', 'Hansson', '19660201-9053', '0794977662', 'jonathan.hansson@yahoo.com'),
('Sofia', 'Lenegren', '19850322-7218', '0775808800', 'sofia.lenegren@hotmail.com'),
('Ella', 'Viklund', '19840123-7246', '0732659936', 'ella.viklund@outlook.com'),
('William', 'Vik', '19670829-2930', '0709020806', 'william.vik@hotmail.com'),
('Ove', 'Vikman', '19800424-2601', '0715555231', 'ove.vikman@hotmail.com'),
('Vilmer', 'Nilsson', '19960402-3667', '0731742699', 'vilmer.nilsson@yahoo.com'),
('Joel', 'Lindskog', '19880427-6225', '0771056645', 'joel.lindskog@yahoo.com'),
('Oliver', 'Vikberg', '19600717-7818', '0777642352', 'oliver.vikberg@outlook.com'),
('Nils', 'Gustafsson', '19771211-6174', '0758801141', 'nils.gustafsson@outlook.com'),
('Ella', 'Rydman', '19610716-4367', '0786043661', 'ella.rydman@gmail.com'),
('Linn', 'Lindskog', '19670820-9317', '0737663480', 'linn.lindskog@outlook.com'),
('Emilia', 'Lindholm', '19600515-6245', '0730231481', 'emilia.lindholm@hotmail.com'),
('Milo', 'Lindskog', '19601108-5078', '0788046329', 'milo.lindskog@gmail.com'),
('Jonathan', 'Lindén', '19841116-7064', '0712810532', 'jonathan.lindén@gmail.com'),
('Albin', 'Pettersson', '19930811-7105', '0769440496', 'albin.pettersson@outlook.com'),
('Benjamin', 'Lindström', '19860315-6532', '0774515542', 'benjamin.lindström@outlook.com'),
('Isak', 'Pettersson', '19660322-5285', '0709585816', 'isak.pettersson@yahoo.com'),
('Saga', 'Lennartsson', '19690907-4634', '0794582093', 'saga.lennartsson@gmail.com'),
('Pontus', 'Lindgren', '19690818-8041', '0783875271', 'pontus.lindgren@yahoo.com'),
('Linus', 'Lindskog', '19641202-4772', '0781899543', 'linus.lindskog@gmail.com'),
('Leo', 'Lennartsson', '19861215-2013', '0734540225', 'leo.lennartsson@gmail.com'),
('Samuel', 'Karlsson', '19930208-6887', '0723244299', 'samuel.karlsson@outlook.com'),
('Ove', 'Gustafsson', '19781112-2883', '0724031325', 'ove.gustafsson@yahoo.com'),
('Elias', 'Lenegren', '19831120-4937', '0772494197', 'elias.lenegren@outlook.com'),
('Jesper', 'Månsson', '19700321-7061', '0703359330', 'jesper.månsson@yahoo.com'),
('Freja', 'Lindskog', '19730927-2392', '0758260906', 'freja.lindskog@gmail.com'),
('Gustav', 'Vik', '19880528-3095', '0706898369', 'gustav.vik@yahoo.com'),
('Nils', 'Lindberg', '19770322-2012', '0757691178', 'nils.lindberg@yahoo.com'),
('Lucian', 'Rydberg', '19950509-9115', '0769350982', 'lucian.rydberg@yahoo.com'),
('Jonathan', 'Ryding', '19650903-7891', '0787138056', 'jonathan.ryding@gmail.com'),
('Josef', 'Jönsson', '19680530-9746', '0723267419', 'josef.jönsson@outlook.com'),
('Noah', 'Vikman', '19780620-4242', '0719061001', 'noah.vikman@gmail.com'),
